{
  "image_path": "/home/sunteng/Desktop/HighTorque_vision/orbslam_depthmaping_ros_2/ros_orbslam_ws/src/depth_maping/scripts/GE_information/latest_img.png",
  "timestamp": 1768990251.518242,
  "frame_id": 207,
  "R_cw": [
    [
      0.8106831312179565,
      -0.15290740132331848,
      0.565165638923645
    ],
    [
      0.3199194371700287,
      0.9241346120834351,
      -0.20887023210525513
    ],
    [
      -0.4903513193130493,
      0.35013502836227417,
      0.7980983853340149
    ]
  ],
  "t_cw": [
    0.16347864270210266,
    -0.09774086624383926,
    0.27755025029182434
  ]
}