{
  "image_path": "/home/sunteng/Desktop/HighTorque_vision/orbslam_depthmaping_ros_2/ros_orbslam_ws/src/depth_maping/scripts/GE_information/latest_img.png",
  "timestamp": 1768878471.3235736,
  "frame_id": 188,
  "R_cw": [
    [
      -0.9363491535186768,
      -0.08328700810670853,
      0.34104785323143005
    ],
    [
      0.2539790868759155,
      0.509972333908081,
      0.8218411207199097
    ],
    [
      -0.24237367510795593,
      0.8561491966247559,
      -0.45635902881622314
    ]
  ],
  "t_cw": [
    0.04341866821050644,
    0.33314579725265503,
    -0.10100726783275604
  ]
}