{
  "image_path": "/home/sunteng/Desktop/HighTorque_vision/orbslam_depthmaping_ros_2/ros_orbslam_ws/src/depth_maping/scripts/GE_information/latest_img.png",
  "timestamp": 1768966089.4597993,
  "frame_id": 303,
  "R_cw": [
    [
      0.8265690803527832,
      -0.06365278363227844,
      0.5592243075370789
    ],
    [
      0.207215815782547,
      0.9582115411758423,
      -0.19721131026744843
    ],
    [
      -0.5233021378517151,
      0.27888891100883484,
      0.8052178621292114
    ]
  ],
  "t_cw": [
    0.15536333620548248,
    -0.1078871488571167,
    0.29542019963264465
  ]
}